vendor_id,vendor_name,first_order_date,last_order_date,po_count
VEND-01,Amp & Wire Supply Co.,2024-01-03,2026-09-01,256
VEND-02,Voltway Electrical Distributors,2024-01-02,2026-08-31,274
VEND-03,Circuit Point Supply,2024-01-03,2026-08-20,221
VEND-04,Gridline Electrical Wholesale,2024-01-06,2026-08-29,231
VEND-05,Sparkline Supply Co.,2024-01-04,2026-09-01,239
VEND-06,Conduit & Co. Distribution,2024-01-04,2026-08-27,245
VEND-07,BrightPath Electrical Supply,2024-01-03,2026-09-01,270
VEND-08,Wattstone Distributors,2024-01-02,2026-09-01,244
VEND-09,Current Line Supply,2024-01-02,2026-08-31,253
VEND-10,Ferrowatt Industrial Supply,2024-01-01,2026-08-30,275
VEND-11,Ampcore Distribution,2024-01-03,2026-09-01,213
VEND-12,Voltec Supply Group,2024-01-05,2026-09-01,279
