item_id,purchase_frequency,earliest_purchase_date,latest_purchase_date,price_p25,price_p50,price_p75,price_p90
ITM-0104,57,2024-01-03,2026-09-01,64.99,67.30,71.03,74.06
ITM-0201,177,2024-01-02,2026-09-01,4.07,4.20,4.34,4.51
ITM-0208,40,2024-01-10,2026-08-01,4.87,5.10,5.27,5.55
ITM-0211,27,2024-01-29,2026-07-18,12.34,12.66,13.00,13.24
ITM-0219,18,2024-01-02,2026-07-13,1.81,1.87,1.98,1.99
ITM-0220,235,2024-01-02,2026-08-25,2.62,2.72,2.79,2.87
ITM-0224,46,2024-01-04,2026-07-22,1.44,1.51,1.54,1.61
ITM-0225,38,2024-01-24,2026-09-01,2.30,2.39,2.45,2.48
ITM-0228,191,2024-01-02,2026-09-01,4.43,4.59,4.70,4.86
ITM-0229,45,2024-01-16,2026-08-22,1.49,1.56,1.61,1.64
ITM-0230,39,2024-01-14,2026-08-19,2.99,3.10,3.20,3.24
ITM-0231,18,2024-02-09,2026-08-03,4.68,4.78,4.95,5.00
ITM-0235,56,2024-01-07,2026-07-24,1.62,1.66,1.72,1.75
ITM-0237,215,2024-01-02,2026-08-25,3.07,3.21,3.31,3.39
ITM-0243,115,2024-01-04,2026-08-23,0.70,0.72,0.75,0.77
ITM-0246,42,2024-01-31,2026-07-30,2.05,2.09,2.18,2.25
ITM-0250,79,2024-01-05,2026-08-16,58.73,60.71,62.84,65.79
ITM-0251,24,2024-01-04,2026-07-30,2.37,2.50,2.60,2.63
ITM-0253,22,2024-01-15,2026-08-25,1.19,1.25,1.30,1.35
ITM-0254,44,2024-03-30,2026-08-24,1.67,1.71,1.77,1.83
ITM-0255,33,2024-03-20,2026-08-27,1.54,1.59,1.63,1.69
ITM-0257,18,2024-06-15,2026-06-25,0.69,0.70,0.71,0.73
ITM-0303,25,2024-02-23,2026-08-01,2.54,2.60,2.66,2.75
ITM-0306,249,2024-01-04,2026-09-01,0.94,0.97,1.01,1.04
ITM-0309,64,2024-01-04,2026-07-23,1.93,2.01,2.09,2.16
ITM-0310,74,2024-01-09,2026-08-25,4.26,4.44,4.61,4.76
ITM-0311,125,2024-01-06,2026-09-01,6.66,6.95,7.23,7.51
ITM-0313,17,2024-02-20,2026-08-27,4.21,4.41,4.52,4.61
ITM-0314,18,2024-02-06,2026-07-23,2.46,2.53,2.68,2.74
ITM-0326,48,2024-01-04,2026-08-22,2.55,2.68,2.78,2.88
ITM-0327,17,2024-03-18,2026-06-12,2.11,2.24,2.31,2.49
ITM-0328,74,2024-01-09,2026-08-11,3.15,3.29,3.39,3.52
ITM-0402,37,2024-01-13,2026-08-23,1.85,1.94,2.02,2.15
ITM-0403,142,2024-01-06,2026-08-22,2.38,2.49,2.57,2.64
ITM-0404,51,2024-01-05,2026-09-01,3.10,3.15,3.27,3.38
ITM-0408,57,2024-01-05,2026-08-04,4.92,5.14,5.35,5.45
ITM-0412,68,2024-01-12,2026-08-25,1.04,1.08,1.12,1.14
ITM-0413,11,2024-09-01,2026-07-29,1.52,1.56,1.60,1.64
ITM-0414,88,2024-01-04,2026-09-01,1.78,1.85,1.91,1.96
ITM-0416,48,2024-01-17,2026-07-25,2.84,2.88,2.99,3.02
ITM-0421,22,2024-02-05,2026-07-15,17.71,18.46,19.20,20.27
ITM-0425,29,2024-10-25,2026-07-30,25.13,25.70,26.26,26.86
ITM-0426,257,2024-01-12,2026-09-01,24.24,25.20,26.10,26.94
ITM-0430,46,2024-01-04,2026-08-27,0.48,0.50,0.52,0.53
ITM-0431,65,2024-01-04,2026-07-28,0.75,0.78,0.80,0.82
ITM-0432,30,2024-01-24,2026-08-16,0.91,0.95,0.98,1.00
ITM-0433,305,2024-01-09,2026-08-31,1.14,1.20,1.25,1.30
ITM-0434,186,2024-01-01,2026-09-01,1.43,1.50,1.55,1.60
ITM-0435,26,2024-01-21,2026-07-20,1.52,1.61,1.63,1.66
ITM-0437,61,2024-01-09,2026-08-18,1.97,2.02,2.11,2.15
ITM-0440,34,2024-01-29,2026-08-22,25.72,26.44,28.12,28.52
ITM-0442,36,2024-01-23,2026-07-01,20.02,20.58,21.67,22.20
ITM-0443,9,2024-12-08,2026-07-11,4.86,4.89,5.17,5.26
ITM-0446,76,2024-01-04,2026-08-29,20.83,21.57,22.42,23.01
ITM-0508,23,2024-03-14,2026-08-24,16.41,17.07,17.55,18.26
ITM-0511,43,2024-01-12,2026-08-07,25.19,25.78,26.78,27.42
ITM-0517,109,2024-01-03,2026-08-28,40.07,41.50,43.22,44.31
ITM-0527,44,2024-02-10,2026-08-01,8.56,8.99,9.46,9.85
ITM-0535,35,2024-01-23,2026-08-24,8.42,8.77,9.01,9.23
ITM-0604,75,2024-01-04,2026-09-01,12.16,12.60,13.12,13.38
ITM-0605,74,2024-02-10,2026-08-30,15.46,16.32,16.73,17.11
ITM-0609,30,2024-04-10,2026-08-19,1.49,1.52,1.57,1.59
ITM-0610,68,2024-01-30,2026-08-03,2.20,2.25,2.33,2.36
ITM-0611,181,2024-01-03,2026-09-01,3.27,3.41,3.53,3.62
ITM-0612,327,2024-01-03,2026-09-01,3.93,4.08,4.27,4.42
ITM-0614,60,2024-01-05,2026-08-27,5.79,6.04,6.27,6.48
ITM-0618,59,2024-01-16,2026-08-10,3.95,4.06,4.18,4.28
ITM-0620,17,2024-04-11,2026-08-21,3.00,3.11,3.22,3.32
ITM-0621,119,2024-01-04,2026-09-01,3.92,4.08,4.23,4.38
ITM-0623,89,2024-01-03,2026-08-12,2.39,2.47,2.57,2.64
ITM-0627,86,2024-01-03,2026-08-25,7.21,7.41,7.63,7.92
ITM-0628,63,2024-01-03,2026-08-28,0.15,0.15,0.16,0.16
ITM-0629,176,2024-01-04,2026-09-01,3.00,3.12,3.22,3.30
ITM-0632,117,2024-01-04,2026-08-19,4.12,4.23,4.34,4.53
ITM-0715,52,2024-03-12,2026-08-19,70.43,74.02,76.74,79.26
ITM-0721,30,2024-01-18,2026-08-24,33.28,34.29,36.14,38.02
ITM-0733,30,2024-01-10,2026-08-22,22.51,23.18,23.82,24.27
ITM-0737,114,2024-01-23,2026-08-29,71.17,74.50,77.65,79.94
ITM-0805,22,2024-01-04,2026-04-17,32.24,33.05,34.66,36.02
ITM-0808,179,2024-01-03,2026-08-24,1.77,1.84,1.91,1.98
ITM-0809,32,2024-01-19,2026-08-20,2.36,2.47,2.55,2.62
ITM-0815,64,2024-01-04,2026-07-30,7.85,8.08,8.37,8.63
ITM-0902,129,2024-01-10,2026-08-29,4.26,4.44,4.63,41.28
ITM-0903,50,2024-01-02,2026-08-16,0.20,0.21,0.22,0.23
ITM-0904,51,2024-02-12,2026-08-22,0.32,0.33,0.34,0.35
ITM-0907,39,2024-01-15,2026-07-11,0.67,0.70,0.73,0.75
ITM-0908,50,2024-03-13,2026-08-30,0.88,0.91,0.93,0.95
ITM-0909,23,2024-03-17,2026-07-19,0.91,0.93,0.97,0.99
ITM-0910,15,2024-01-09,2026-07-23,1.05,1.10,1.11,1.14
ITM-0911,36,2024-01-04,2026-08-28,1.22,1.24,1.33,1.35
ITM-0913,32,2024-01-19,2026-07-14,1.31,1.38,1.43,1.48
ITM-0914,39,2024-01-24,2026-08-10,1.54,1.60,1.63,1.71
ITM-0915,9,2024-04-04,2026-01-03,2.48,2.60,2.70,2.74
ITM-0917,38,2024-01-26,2026-07-31,3.57,3.73,3.86,3.96
ITM-0920,32,2024-02-06,2026-08-15,2.85,2.96,3.03,3.10
ITM-0921,30,2024-01-05,2026-08-10,3.77,3.95,4.03,4.23
ITM-0922,97,2024-01-10,2026-08-27,5.72,5.95,6.08,6.32
ITM-0927,33,2024-01-04,2026-08-30,0.52,0.54,0.56,0.57
ITM-0928,47,2024-01-04,2026-08-30,0.75,0.77,0.82,0.85
ITM-0929,126,2024-01-02,2026-09-01,1.12,1.16,1.22,1.25
ITM-0938,35,2024-01-15,2026-07-17,12.69,13.20,13.59,14.35
ITM-0939,77,2024-01-04,2026-08-07,15.31,15.82,16.26,16.92
ITM-0940,13,2024-02-23,2026-07-29,18.61,19.24,19.79,20.02
ITM-0942,51,2024-01-27,2026-07-22,0.31,0.33,0.34,0.35
ITM-0943,59,2024-01-12,2026-09-01,23.37,24.03,25.11,25.29
ITM-0947,22,2024-02-24,2026-07-11,0.43,0.45,0.46,0.47
ITM-1001,81,2024-01-07,2026-09-01,1.02,1.05,1.09,1.12
ITM-1003,67,2024-03-03,2026-08-01,1.08,1.13,1.16,1.20
ITM-1006,36,2024-01-26,2026-09-01,1.22,1.30,1.35,1.41
ITM-1008,38,2024-02-11,2026-08-20,1.34,1.39,1.44,1.46
ITM-1010,55,2024-01-19,2026-08-23,9.06,9.38,9.69,10.13
ITM-1011,80,2024-01-09,2026-08-31,3.75,3.87,4.09,4.24
ITM-1014,139,2024-01-10,2026-08-30,2.54,2.63,2.71,2.77
ITM-1015,362,2024-01-03,2026-08-29,4.22,4.37,4.54,4.66
ITM-1017,15,2024-05-15,2026-07-29,3.04,3.16,3.22,3.36
ITM-1018,32,2024-01-03,2026-08-17,4.89,5.10,5.25,5.54
ITM-1019,24,2024-02-01,2026-07-19,6.41,6.57,6.77,6.97
ITM-1020,39,2024-01-24,2026-08-20,8.47,8.72,9.00,9.25
ITM-1021,30,2024-01-24,2026-07-10,4.35,4.53,4.73,4.91
ITM-1022,42,2024-01-17,2026-08-24,5.29,5.47,5.61,5.80
